{
  "manifest_version": 3,
  "name": "Simplified Secure Browser",
  "version": "1.0",
  "description": "A simplified browser extension with disposable email and ephemeral tab features.",
  "icons": {
    "16": "icons/icon16.png",
    "48": "icons/icon48.png",
    "128": "icons/icon128.png"
  },
  "action": {
    "default_popup": "popup.html",
    "default_icon": {
      "16": "icons/icon16.png",
      "48": "icons/icon48.png"
    }
  },
  "background": {
    "scripts": ["background.js"],
    "type": "module"
  },
  "permissions": [
    "activeTab",
    "storage",
    "scripting",
    "tabs",
    "BrowseData"
  ],
  "host_permissions": [
    "<all_urls>"
  ],
  "browser_specific_settings": {
    "gecko": {
      "id": "anishalx@firefox-addon.org",
      "strict_min_version": "109.0"
    }
  }
}